Table of Content,svg/index.svg,0.0
 Controller Layout,svg/2_controller_layout.svg,1.0
Active Suspension,svg/active_suspension.svg,2.0
Audio Lhd,svg/audio_lhd.svg,3.0
Audio Microphones,svg/audio_microphones.svg,4.0
Audio Premium Amp,svg/audio_premium_amp.svg,5.0
Audio Rhd,svg/audio_rhd.svg,6.0
Braking And Stability,svg/braking_and_stability.svg,7.0
Braking And Stability Wheel Speed Sensors,svg/braking_and_stability_wheel_speed_sensors.svg,8.0
Can Chassis,svg/can_chassis.svg,9.0
Can Party,svg/can_party.svg,10.0
Can Vehicle,svg/can_vehicle.svg,11.0
Center Console,svg/center_console.svg,12.0
Charge Port Inlet,svg/charge_port_inlet.svg,13.0
Diagnostics,svg/diagnostics.svg,14.0
Door Front Left,svg/door_front_left.svg,15.0
Door Front Right,svg/door_front_right.svg,16.0
Door Rear Left,svg/door_rear_left.svg,17.0
Door Rear Right,svg/door_rear_right.svg,18.0
Drive Inverters Power And Comms,svg/drive_inverters_power_and_comms.svg,19.0
Drive Inverters Resolvers And Pedals,svg/drive_inverters_resolvers_and_pedals.svg,20.0
Driver Assistance Lhd,svg/driver_assistance_lhd.svg,21.0
Driver Assistance Rhd,svg/driver_assistance_rhd.svg,22.0
Frunk Actuators Sensors,svg/frunk_actuators_sensors.svg,23.0
Grounding Cabin,svg/grounding_cabin.svg,24.0
Grounding Frunk,svg/grounding_frunk.svg,25.0
Grounding Trunk,svg/grounding_trunk.svg,26.0
Headliner,svg/headliner.svg,27.0
Hv Battery And Hvil,svg/hv_battery_and_hvil.svg,28.0
Hv Penthouse Pcs,svg/hv_penthouse_pcs.svg,29.0
Hvac Cabin,svg/hvac_cabin.svg,30.0
Hvac Case Subassembly,svg/hvac_case_subassembly.svg,31.0
Hvac Heat Pump,svg/hvac_heat_pump.svg,32.0
Hvac Powertrain,svg/hvac_powertrain.svg,33.0
Instrument Panel,svg/instrument_panel.svg,34.0
Liftgate Actuators Sensors,svg/liftgate_actuators_sensors.svg,35.0
Lights Exterior,svg/lights_exterior.svg,36.0
Lin,svg/lin.svg,37.0
Power Distribution Main,svg/power_distribution_main.svg,38.0
Power Distribution Vcfront - 1/2,svg/power_distribution_vcfront_1_2.svg,39.0
Power Distribution Vcfront - 2/2,svg/power_distribution_vcfront_2_2.svg,40.0
Power Distribution Vcleft - 1/2,svg/power_distribution_vcleft_1_2.svg,41.0
Power Distribution Vcleft - 2/2,svg/power_distribution_vcleft_2_2.svg,42.0
Power Distribution Vcright - 1/3,svg/power_distribution_vcright_1_3.svg,43.0
Power Distribution Vcright - 2/3,svg/power_distribution_vcright_2_3.svg,44.0
Power Distribution Vcright - 3/3,svg/power_distribution_vcright_3_3.svg,45.0
Restraints Control Module Airbags,svg/restraints_control_module_airbags.svg,46.0
Restraints Control Module Seatbelts,svg/restraints_control_module_seatbelts.svg,47.0
Restraints Control Module Sensors,svg/restraints_control_module_sensors.svg,48.0
Rf Special Cables Lhd,svg/rf_special_cables_lhd.svg,49.0
Rf Special Cables Rhd,svg/rf_special_cables_rhd.svg,50.0
Seats 1r Left,svg/seats_1r_left.svg,51.0
Seats 1r Right,svg/seats_1r_right.svg,52.0
Seats 2r,svg/seats_2r.svg,53.0
Security Controls,svg/security_controls.svg,54.0
Steering,svg/steering.svg,55.0
Towing Interface,svg/towing_interface.svg,56.0
